PW_ID,HMDB_ID
PW_C062339,HMDB0114921
PW_C042175,
PW_C041044,
PW_C041849,
PW_C042103,
PW_C042929,
PW_C040830,
PW_C043224,
PW_C043736,
PW_C042151,
PW_C042709,
PW_C042253,
PW_C042865,
PW_C000964,HMDB0001248
PW_C042769,
PW_C043986,
PW_C104980,
PW_C044123,
PW_C042473,
PW_C043809,
PW_C044124,
PW_C041713,
PW_C042931,
PW_C040739,
PW_C042102,
PW_C104908,
PW_C043434,
PW_C001906,HMDB0003498
PW_C044155,
PW_C055590,
PW_C044126,
PW_C000986,HMDB0001273
PW_C005103,HMDB0009055
PW_C042125,
PW_C040117,HMDB0059709
PW_C036865,HMDB0056411
PW_C044068,
PW_C105089,
PW_C042313,
PW_C044023,
PW_C002747,HMDB0006454
PW_C042186,
PW_C043821,
PW_C043603,
PW_C043200,
PW_C104921,
PW_C044208,
PW_C043128,
PW_C043605,
PW_C000826,HMDB0001049
PW_C044425,
PW_C043368,
PW_C004873,HMDB0008825
PW_C104903,
PW_C000972,HMDB0001259
PW_C041158,HMDB0060331
PW_C044217,
PW_C011995,HMDB0030791
PW_C042524,
PW_C043935,
PW_C008448,HMDB0013532
PW_C042889,
PW_C005005,HMDB0008957
PW_C053756,
PW_C043880,
PW_C000262,HMDB0000362
PW_C001009,HMDB0001310
PW_C042809,
PW_C001178,HMDB0001533
PW_C043666,
PW_C042731,
PW_C040779,
PW_C044303,
PW_C041982,
PW_C043151,
PW_C105016,
PW_C041100,
PW_C043960,
PW_C002008,HMDB0003944
PW_C008419,HMDB0013503
PW_C104964,
PW_C041984,
PW_C042791,
PW_C000448,HMDB0000574
PW_C001051,HMDB0001362
PW_C006610,HMDB0010602
PW_C044240,
PW_C001056,HMDB0001368
PW_C001104,HMDB0001429
PW_C105055,
PW_C044156,
PW_C041163,HMDB0060343
PW_C104823,
PW_C001086,HMDB0001406
PW_C043889,
PW_C042426,
PW_C043765,
PW_C043489,
PW_C040809,
PW_C042508,
PW_C105103,
PW_C055512,
PW_C003149,HMDB0007098
PW_C042380,
PW_C000190,HMDB0000280
PW_C007713,HMDB0012156
PW_C041871,
PW_C002000,HMDB0003936
PW_C044255,
PW_C104982,
PW_C000201,HMDB0000295
PW_C057119,HMDB0112282
PW_C104915,
PW_C036941,HMDB0056487
PW_C037003,HMDB0056549
PW_C043091,
PW_C105071,
PW_C055886,
PW_C043705,
PW_C062252,HMDB0114835
PW_C000395,HMDB0000516
PW_C044273,
PW_C042239,
PW_C062291,HMDB0114873
PW_C043771,
PW_C000993,HMDB0001285
PW_C044080,
PW_C042937,
PW_C043372,
PW_C104912,
PW_C001870,HMDB0003391
PW_C041131,
PW_C040773,
PW_C001998,HMDB0003934
PW_C043322,
PW_C105002,
PW_C040756,
PW_C042171,
PW_C037102,HMDB0056648
PW_C042545,
PW_C041316,
PW_C044136,
PW_C041986,
PW_C042110,
PW_C040989,
PW_C042835,
PW_C043521,
PW_C042072,
PW_C040984,
PW_C000862,HMDB0001096
PW_C042580,
PW_C001092,HMDB0001414
PW_C041911,
PW_C040774,
PW_C105061,
PW_C037117,HMDB0056663
PW_C041064,
PW_C041797,
PW_C044230,
PW_C105013,
PW_C042149,
PW_C000274,HMDB0000375
PW_C000301,HMDB0000402
PW_C043860,
PW_C007744,HMDB0012194
PW_C043910,
PW_C007718,HMDB0012161
PW_C041740,
PW_C044074,
PW_C043223,
PW_C104835,
PW_C042882,
PW_C000090,HMDB0000139
PW_C041462,
PW_C055891,
PW_C043205,
PW_C044078,
PW_C043465,
PW_C042526,
PW_C007805,HMDB0012260
PW_C003020,HMDB0006969
PW_C055364,
PW_C104840,
PW_C105001,
PW_C001052,HMDB0001364
PW_C044267,
PW_C008422,HMDB0013506
PW_C041270,
PW_C001246,HMDB0001874
PW_C043316,
PW_C057033,
PW_C044485,
PW_C043146,
PW_C042877,
PW_C044039,
PW_C042726,
PW_C104868,
PW_C043853,
PW_C037863,HMDB0057409
PW_C042795,
PW_C000863,HMDB0001097
PW_C055541,
PW_C057029,
PW_C043204,
PW_C044085,
PW_C044489,
PW_C006700,HMDB0010692
PW_C043163,
PW_C044205,
PW_C042319,
PW_C040852,
PW_C044083,
PW_C105064,
PW_C105070,
PW_C043822,
PW_C042497,
PW_C000849,HMDB0001080
PW_C104878,
PW_C104956,
PW_C043624,
PW_C000077,HMDB0000122
PW_C044109,
PW_C043030,
PW_C000064,HMDB0000095
PW_C041726,
PW_C042200,
PW_C004975,HMDB0008927
PW_C042805,
PW_C007755,HMDB0012208
PW_C041187,
PW_C056435,
PW_C042920,
PW_C003004,HMDB0006902
PW_C042956,
PW_C105020,
PW_C007699,HMDB0012141
PW_C043985,
PW_C000165,HMDB0000244
PW_C044142,
PW_C036881,HMDB0056427
PW_C044146,
PW_C043606,
PW_C105041,
PW_C104909,
PW_C040793,
PW_C006639,HMDB0010631
PW_C001080,HMDB0001397
PW_C044127,
PW_C001537,HMDB0002275
PW_C043522,
PW_C104918,
PW_C040986,
PW_C105067,
PW_C041725,
PW_C063112,HMDB0115969
PW_C043514,
PW_C105073,
PW_C043325,
PW_C042115,
PW_C105060,
PW_C001214,HMDB0001721
PW_C043072,
PW_C044178,
PW_C043331,
PW_C043427,
PW_C000171,HMDB0000251
PW_C104865,
PW_C000352,HMDB0000462
PW_C043777,
PW_C042275,
PW_C043989,
PW_C043452,
PW_C043340,
PW_C044434,
PW_C000886,HMDB0001134
PW_C043110,
PW_C042341,
PW_C000888,HMDB0001138
PW_C042438,
PW_C105017,
PW_C044280,
PW_C008202,HMDB0013111
PW_C001847,HMDB0003337
PW_C007296,HMDB0011720
PW_C043670,
PW_C040813,
PW_C043855,
PW_C044467,
PW_C037867,HMDB0057413
PW_C001107,HMDB0001432
PW_C043485,
PW_C044286,
PW_C041167,
PW_C000131,HMDB0000205
PW_C044442,
PW_C042847,
PW_C044076,
PW_C043449,
PW_C041698,
PW_C001872,HMDB0003403
PW_C104966,
PW_C040990,
PW_C044278,
PW_C105051,
PW_C044018,
PW_C041769,
PW_C044198,
PW_C007894,HMDB0012365
PW_C042130,
PW_C043164,
PW_C007243,HMDB0011661
PW_C104855,
PW_C104965,
PW_C041946,
PW_C043152,
PW_C043506,
PW_C105078,
PW_C000105,HMDB0000161
PW_C000540,HMDB0000687
PW_C041180,HMDB0060381
PW_C041172,HMDB0060358
PW_C105046,
PW_C000855,HMDB0001087
PW_C007863,HMDB0012333
PW_C000548,HMDB0000696
PW_C041140,
PW_C041712,
PW_C043560,
PW_C037898,HMDB0057444
PW_C041793,
PW_C043117,
PW_C043403,
PW_C041737,
PW_C043997,
PW_C043079,
PW_C042168,
PW_C002007,HMDB0003943
PW_C042154,
PW_C105052,
PW_C041560,
PW_C043125,
PW_C041113,
PW_C042767,
PW_C042143,
PW_C040969,
PW_C042051,
PW_C000868,HMDB0001109
PW_C043756,
PW_C042025,
PW_C000140,HMDB0000214
PW_C104919,
PW_C043753,
PW_C042708,
PW_C044445,
PW_C044433,
PW_C042203,
PW_C044192,
PW_C042450,
PW_C105045,
PW_C040988,
PW_C042719,
PW_C042207,
PW_C062270,HMDB0114852
PW_C055537,
PW_C000095,HMDB0000148
PW_C043726,
PW_C042777,
PW_C044175,
PW_C042944,
PW_C043000,
PW_C044470,
PW_C057030,
PW_C041604,
PW_C044003,
PW_C007892,HMDB0012363
PW_C042248,
PW_C000795,HMDB0001005
PW_C042419,
PW_C040076,HMDB0059639
PW_C044456,
PW_C042943,
PW_C043729,
PW_C044455,
PW_C042389,
PW_C005004,HMDB0008956
PW_C038775,HMDB0058321
PW_C037954,HMDB0057500
PW_C104916,
PW_C105007,
PW_C043559,
PW_C043631,
PW_C000514,HMDB0000657
PW_C105087,
PW_C104991,
PW_C105025,
PW_C004970,HMDB0008922
PW_C044290,
PW_C043068,
PW_C043843,
PW_C036988,HMDB0056534
PW_C007886,HMDB0012357
PW_C044247,
PW_C004874,HMDB0008826
PW_C042803,
PW_C042020,
PW_C042152,
PW_C041864,
PW_C044212,
PW_C040771,
PW_C042336,
PW_C041496,
PW_C001210,HMDB0001644
PW_C043739,
PW_C042535,
PW_C044227,
PW_C044191,
PW_C041317,
PW_C000162,HMDB0000240
PW_C042881,
PW_C049957,
PW_C000896,HMDB0001155
PW_C043943,
PW_C044006,
PW_C044493,
PW_C043650,
PW_C037376,HMDB0056922
PW_C043513,
PW_C042945,
PW_C043991,
PW_C041862,
PW_C001996,HMDB0003932
PW_C104862,
PW_C041492,
PW_C041828,
PW_C042547,
PW_C044502,
PW_C042491,
PW_C044529,
PW_C043707,
PW_C042959,
PW_C041794,
PW_C104911,
PW_C041944,
PW_C104946,
PW_C002009,HMDB0003945
PW_C105068,
PW_C042538,
,
PW_C044438,
PW_C041501,
PW_C105096,
PW_C044111,
PW_C044459,
PW_C041563,
PW_C041795,
PW_C040918,
PW_C043176,
PW_C040992,
PW_C001922,HMDB0003551
PW_C041811,
PW_C044475,
PW_C043800,
PW_C008449,HMDB0013533
PW_C041838,
PW_C104953,
PW_C044013,
PW_C043508,
PW_C044276,
PW_C040090,HMDB0059653
PW_C042856,
PW_C001039,HMDB0001347
PW_C041627,
PW_C104979,
PW_C044275,
PW_C043496,
PW_C001632,HMDB0002434
PW_C040981,
PW_C013349,HMDB0032199
PW_C104873,
PW_C043797,
PW_C044061,
PW_C043033,
PW_C041782,
PW_C042432,
PW_C042352,
PW_C043838,
PW_C042768,
PW_C001045,HMDB0001354
PW_C043931,
PW_C042616,
PW_C041847,
PW_C002005,HMDB0003941
PW_C104833,
PW_C040856,
PW_C043444,
PW_C041937,
PW_C040839,
PW_C043589,
PW_C105102,
PW_C042909,
PW_C000472,HMDB0000608
PW_C041904,
PW_C000079,HMDB0000124
PW_C000119,HMDB0000186
PW_C042773,
PW_C053694,
PW_C041829,
PW_C105047,
PW_C042698,
PW_C001769,HMDB0003070
PW_C043938,
PW_C044066,
PW_C003907,HMDB0007856
PW_C044254,
PW_C105036,
PW_C042864,
PW_C042150,
PW_C043159,
PW_C044190,
PW_C043728,
PW_C056440,
PW_C000032,HMDB0000045
PW_C037013,HMDB0056559
PW_C040919,
PW_C041504,
PW_C104945,
PW_C043462,
PW_C105048,
PW_C043595,
PW_C000517,HMDB0000660
PW_C001556,HMDB0002305
PW_C043876,
PW_C042556,
PW_C042478,
PW_C042730,
PW_C043625,
PW_C062250,HMDB0114833
PW_C105092,
PW_C042515,
PW_C042385,
PW_C038059,HMDB0057605
PW_C043770,
PW_C043269,
PW_C041867,
PW_C043446,
PW_C057114,HMDB0112280
PW_C043981,
PW_C105059,
PW_C043158,
PW_C057064,
PW_C000033,HMDB0000048
PW_C000725,HMDB0000906
PW_C042311,
PW_C043947,
PW_C036999,HMDB0056545
PW_C044448,
PW_C041502,
PW_C043103,
PW_C062342,HMDB0114924
PW_C041045,
PW_C000088,HMDB0000134
PW_C042504,
PW_C001122,HMDB0001453
PW_C037104,HMDB0056650
PW_C043954,
PW_C001061,HMDB0001373
PW_C038840,HMDB0058386
PW_C044228,
PW_C043969,
PW_C000905,HMDB0001167
PW_C000808,HMDB0001022
PW_C000982,HMDB0001269
PW_C042493,
PW_C043209,
PW_C104889,
PW_C044304,
PW_C043847,
PW_C000413,HMDB0000536
PW_C002607,HMDB0005949
PW_C041156,HMDB0060329
PW_C040558,HMDB0061344
PW_C003011,HMDB0006938
PW_C043153,
PW_C040772,
PW_C044219,
PW_C044416,
PW_C043454,
PW_C104940,
PW_C041983,
PW_C043970,
PW_C044056,
PW_C041702,
PW_C001811,HMDB0003229
PW_C042692,
PW_C001152,HMDB0001495
PW_C040974,
PW_C076626,HMDB0116290
PW_C042214,
PW_C041557,
PW_C041500,
PW_C007903,HMDB0012374
PW_C040858,
PW_C042706,
PW_C043228,
PW_C041717,
PW_C008420,HMDB0013504
PW_C041411,
PW_C043995,
PW_C042068,
PW_C000159,HMDB0000237
PW_C042693,
PW_C042472,
PW_C042691,
PW_C042211,
PW_C042210,
PW_C001198,HMDB0001557
PW_C041785,
PW_C041781,
PW_C003019,HMDB0006968
PW_C043475,
PW_C041232,
PW_C042414,
PW_C042498,
PW_C044154,
PW_C043604,
PW_C055603,
PW_C001213,HMDB0001713
PW_C042884,
PW_C001007,HMDB0001308
PW_C042631,
PW_C043596,
PW_C043831,
PW_C042690,
PW_C019513,HMDB0038670
PW_C042771,
PW_C104852,
PW_C042916,
PW_C042034,
PW_C104981,
PW_C000951,HMDB0001228
PW_C043216,
PW_C043913,
PW_C042122,
PW_C042873,
PW_C041827,
PW_C042696,
PW_C105065,
PW_C042021,
PW_C000085,HMDB0000131
PW_C043612,
PW_C044224,
PW_C040975,
PW_C104952,
PW_C044181,
PW_C057066,
PW_C040937,
PW_C041735,
PW_C042820,
PW_C105033,
PW_C041784,
PW_C104992,
PW_C044244,
PW_C104836,
PW_C042917,
PW_C043345,
PW_C043950,
PW_C043827,
PW_C042720,
PW_C040928,
PW_C044242,
PW_C000784,HMDB0000990
PW_C044473,
PW_C042695,
PW_C001316,HMDB0001967
PW_C042543,
PW_C006578,HMDB0010570
PW_C044092,
PW_C000200,HMDB0000294
PW_C044144,
PW_C043108,
PW_C044532,HMDB0062087
PW_C041042,
PW_C007305,HMDB0011731
PW_C042790,
PW_C000020,HMDB0000030
PW_C000790,HMDB0000998
PW_C000915,HMDB0001179
PW_C105038,
PW_C001031,HMDB0001338
PW_C104937,
PW_C044307,
PW_C007794,HMDB0012249
PW_C043804,
PW_C007810,HMDB0012266
PW_C001024,HMDB0001328
PW_C000593,HMDB0000745
PW_C042030,
PW_C042845,
PW_C041682,
PW_C002771,HMDB0006488
PW_C105099,
PW_C000396,HMDB0000517
PW_C007696,HMDB0012136
PW_C000950,HMDB0001227
PW_C000498,HMDB0000639
PW_C044194,
PW_C043534,
PW_C056441,
PW_C043487,
PW_C040749,
PW_C042521,
PW_C042318,
PW_C040978,
PW_C104943,
PW_C042506,
PW_C043464,
PW_C000547,HMDB0000695
PW_C001171,HMDB0001521
PW_C042874,
PW_C036861,HMDB0056407
PW_C001724,HMDB0002878
PW_C043795,
PW_C044161,
PW_C001148,HMDB0001491
PW_C043095,
PW_C044232,
PW_C043422,
PW_C044129,
PW_C042209,
PW_C104920,
PW_C104854,
PW_C044153,
PW_C105095,
PW_C005107,HMDB0009059
PW_C042523,
PW_C044486,
PW_C041112,
PW_C042801,
PW_C044253,
PW_C043248,
PW_C104817,
PW_C001679,HMDB0002666
PW_C037880,HMDB0057426
PW_C043190,
PW_C041243,
PW_C000837,HMDB0001062
PW_C042437,
PW_C001812,HMDB0240219
PW_C000382,HMDB0000500
PW_C036990,HMDB0056536
PW_C042677,
PW_C000988,HMDB0001275
PW_C043858,
PW_C042000,
PW_C042511,
PW_C006638,HMDB0010630
PW_C042329,
PW_C043813,
PW_C041750,
PW_C044472,
PW_C042094,
PW_C043042,
PW_C044122,
PW_C044233,
PW_C004872,HMDB0008824
PW_C001064,HMDB0001376
PW_C041115,
PW_C043864,
PW_C000891,HMDB0001142
PW_C042454,
PW_C043321,
PW_C042789,
PW_C041743,
PW_C043611,
PW_C044094,
PW_C043812,
PW_C041683,
PW_C104887,
PW_C062294,HMDB0114876
PW_C044469,
PW_C042907,
PW_C043450,
PW_C043814,
PW_C042184,
PW_C043706,
PW_C041942,
PW_C041783,
PW_C104942,
PW_C043711,
PW_C043779,
PW_C001199,HMDB0001562
PW_C003028,HMDB0006977
PW_C043106,
PW_C104973,
PW_C001055,HMDB0001367
PW_C042918,
PW_C043096,
PW_C104993,
PW_C002001,HMDB0003937
PW_C043214,
PW_C000029,HMDB0000042
PW_C063884,HMDB0114766
PW_C042423,
PW_C043977,
PW_C104923,
PW_C043312,HMDB0060091
PW_C000177,HMDB0000258
PW_C105024,
PW_C043268,
PW_C000477,HMDB0000614
PW_C000391,HMDB0000511
PW_C007907,HMDB0012378
PW_C043937,
PW_C044441,
PW_C042548,
PW_C003904,HMDB0007853
PW_C043094,
PW_C043949,
PW_C041958,
PW_C040845,
PW_C042139,
PW_C000765,HMDB0000958
PW_C042972,
PW_C000192,HMDB0000285
PW_C001027,HMDB0001333
PW_C044169,
PW_C042930,
PW_C105000,
PW_C042116,
PW_C000463,HMDB0000595
PW_C043460,
PW_C043338,
PW_C040995,
PW_C044059,
PW_C043289,
PW_C043075,
PW_C104837,
PW_C044291,
PW_C041940,
PW_C044034,
PW_C043406,
PW_C043240,
PW_C040763,
PW_C044077,
PW_C000063,HMDB0000094
PW_C043553,
PW_C043871,
PW_C041699,
PW_C062372,HMDB0114954
PW_C044235,
PW_C044488,
PW_C104987,
PW_C001345,HMDB0002009
PW_C000040,HMDB0000056
PW_C007308,HMDB0011734
PW_C041014,
PW_C042550,
PW_C008390,HMDB0013473
PW_C057061,
PW_C043842,
PW_C036845,HMDB0056391
PW_C005037,HMDB0008989
PW_C044167,
PW_C055372,
PW_C043480,
PW_C043482,
PW_C001401,HMDB0002086
PW_C044292,
PW_C055825,
PW_C040740,
PW_C041509,
PW_C040841,
PW_C040982,
PW_C104856,
PW_C042410,
PW_C043492,
PW_C007864,HMDB0012334
PW_C000373,HMDB0000491
PW_C038077,HMDB0057623
PW_C042838,
PW_C042104,
PW_C042157,
PW_C104901,
PW_C044200,
PW_C043545,
PW_C104961,
PW_C002796,HMDB0006529
PW_C006752,HMDB0011110
PW_C000894,HMDB0001149
PW_C043097,
PW_C104986,
PW_C002956,HMDB0006831
PW_C105004,
PW_C000076,HMDB0000121
PW_C104827,
PW_C041157,HMDB0060330
PW_C043218,
PW_C002006,HMDB0003942
PW_C040792,
PW_C042953,
PW_C041790,
PW_C008080,HMDB0012710
PW_C000024,HMDB0000034
PW_C041126,
PW_C043019,
PW_C044452,
PW_C044491,
PW_C041004,
PW_C000704,HMDB0000883
PW_C055516,
PW_C043569,
PW_C041845,
PW_C043787,
PW_C042501,
PW_C042800,
PW_C000204,HMDB0000300
PW_C043723,
PW_C104848,
PW_C040844,
PW_C104838,
PW_C040711,HMDB0061380
PW_C104870,
PW_C044020,
PW_C043743,
PW_C040083,HMDB0059646
PW_C006580,HMDB0010572
PW_C042520,
PW_C042539,
PW_C043888,
PW_C041943,
PW_C042249,
PW_C043835,
PW_C043471,
PW_C104968,
PW_C104819,
PW_C002002,HMDB0003938
PW_C043590,
PW_C104850,
PW_C000893,HMDB0001147
PW_C042542,
PW_C040987,
PW_C040943,
PW_C001347,HMDB0002012
PW_C041722,
PW_C042685,
PW_C043869,
PW_C043273,
PW_C042026,
PW_C105050,
PW_C105075,
PW_C044496,
PW_C041813,
PW_C043851,
PW_C007782,HMDB0012236
PW_C000174,HMDB0000254
PW_C000176,HMDB0000257
PW_C041114,
PW_C042544,
PW_C000134,HMDB0000208
PW_C001329,HMDB0001983
PW_C042860,
PW_C042714,
PW_C043220,
PW_C000043,HMDB0000061
PW_C104947,
PW_C041857,
PW_C042060,
PW_C044174,
PW_C001035,HMDB0001342
PW_C040753,
PW_C000180,HMDB0000263
PW_C105028,
PW_C000661,HMDB0000827
PW_C041818,
PW_C043859,
PW_C104825,
PW_C044309,
PW_C104949,
PW_C040991,
PW_C055513,
PW_C043767,
PW_C043632,
PW_C043730,
PW_C004935,HMDB0008887
PW_C041739,
PW_C042806,
PW_C043528,
PW_C042321,
PW_C044415,
PW_C104955,
PW_C001142,HMDB0001484
PW_C000366,HMDB0000482
PW_C042689,
PW_C042722,
PW_C044271,
PW_C043725,
PW_C044203,
PW_C000934,HMDB0001199
PW_C062135,HMDB0062509
PW_C042694,
PW_C002761,HMDB0006471
PW_C105039,
PW_C042433,
PW_C004973,HMDB0008925
PW_C001196,HMDB0001554
PW_C000487,HMDB0000626
PW_C041226,
PW_C105015,
PW_C042656,
PW_C044079,
PW_C042818,
PW_C042317,
PW_C044143,
PW_C042794,
PW_C008081,HMDB0012715
PW_C104897,
PW_C001706,HMDB0002786
PW_C042287,
PW_C042095,
PW_C004937,HMDB0008889
PW_C044100,
PW_C000955,HMDB0001235
PW_C040865,
PW_C002003,HMDB0003939
PW_C044104,
PW_C044229,
PW_C043217,
PW_C008405,HMDB0013488
PW_C042829,
PW_C000194,HMDB0000288
PW_C104906,
PW_C041136,
PW_C043614,
PW_C043566,
PW_C041668,
PW_C001034,HMDB0001341
PW_C042899,
PW_C044220,
PW_C043936,
PW_C055650,
PW_C104936,
PW_C062229,HMDB0114812
PW_C001868,HMDB0003379
PW_C001938,HMDB0003609
PW_C042206,
PW_C044199,
PW_C041250,
PW_C043704,
PW_C043976,
PW_C043819,
PW_C044019,
PW_C042606,
PW_C043872,
PW_C043952,
PW_C004968,HMDB0008920
PW_C105014,
PW_C041602,
PW_C041220,
PW_C042868,
PW_C006324,HMDB0010314
PW_C000580,HMDB0000731
PW_C043626,
PW_C044043,
PW_C043178,
PW_C043593,
PW_C043139,
PW_C008468,HMDB0013552
PW_C105091,
PW_C044108,
PW_C043963,
PW_C060810,HMDB0112409
PW_C041941,
PW_C044171,
PW_C043512,
PW_C105049,
PW_C042826,
PW_C000644,HMDB0000807
PW_C041918,
PW_C044002,
PW_C000900,HMDB0001162
PW_C042212,
PW_C043811,
PW_C044177,
PW_C043942,
PW_C043027,HMDB0060446
PW_C043957,
PW_C007896,HMDB0012367
PW_C055519,
PW_C037091,HMDB0056637
PW_C042408,
PW_C001050,HMDB0001361
PW_C000927,HMDB0001191
PW_C000969,HMDB0001254
PW_C044446,
PW_C041129,
PW_C043955,
PW_C105086,
PW_C000144,HMDB0000218
PW_C006579,HMDB0010571
PW_C043628,
PW_C042765,
PW_C041130,HMDB0149325
PW_C001875,HMDB0003406
PW_C043683,
PW_C044096,
PW_C042890,
PW_C104875,
PW_C044016,
PW_C041860,
PW_C042858,
PW_C002809,HMDB0006557
PW_C006753,HMDB0011111
PW_C008404,HMDB0013487
PW_C037014,HMDB0056560
PW_C056372,
PW_C043210,
PW_C042476,
PW_C000940,HMDB0001206
PW_C044241,
PW_C044073,
PW_C104877,
PW_C040807,
PW_C043419,
PW_C002734,HMDB0006354
PW_C001850,HMDB0003344
PW_C042863,
PW_C104820,
PW_C043470,
PW_C104824,
PW_C042490,
PW_C042955,
PW_C042052,
PW_C041302,
PW_C037119,HMDB0056665
PW_C105094,
PW_C041839,
PW_C000819,HMDB0001039
PW_C042532,
PW_C044091,
PW_C002013,HMDB0003949
PW_C060757,HMDB0112357
PW_C041997,
PW_C000974,HMDB0001261
PW_C001399,HMDB0002084
PW_C043263,
PW_C044422,
PW_C104922,
PW_C043940,
PW_C042201,
PW_C043911,
PW_C042345,
PW_C040976,
PW_C043194,
PW_C042073,
PW_C044189,
PW_C042854,
PW_C043543,
PW_C044313,
PW_C041806,
PW_C043379,
PW_C042933,
PW_C043665,
PW_C043557,
PW_C044430,
PW_C105012,
PW_C042488,
PW_C043371,
PW_C040758,
PW_C105034,
PW_C057077,HMDB0112273
PW_C043308,
PW_C040972,
PW_C043741,
PW_C000741,HMDB0000929
PW_C042153,
PW_C042850,
PW_C044471,
PW_C041796,
PW_C043442,
PW_C043857,
PW_C104830,
PW_C044281,
PW_C043829,
PW_C037877,HMDB0057423
PW_C043077,
PW_C042819,
PW_C042486,
PW_C104888,
PW_C104892,
PW_C042417,
PW_C043498,
PW_C053752,
PW_C105030,
PW_C037115,HMDB0056661
PW_C041041,
PW_C042718,
PW_C042671,
PW_C041173,
PW_C044503,
PW_C042912,
PW_C041600,
PW_C042274,
PW_C000971,HMDB0001257
PW_C007823,HMDB0012283
PW_C044289,
PW_C041684,
PW_C041127,
PW_C043244,
PW_C044042,
PW_C043840,
PW_C044095,
PW_C040997,
PW_C000544,HMDB0000692
PW_C040764,
PW_C104914,
PW_C043903,
PW_C043116,
PW_C104930,
PW_C001077,HMDB0001392
PW_C002884,HMDB0006709
PW_C044257,
PW_C040977,
PW_C005036,HMDB0008988
PW_C104822,
PW_C043832,
PW_C040837,
PW_C042409,
PW_C104834,
PW_C041952,
PW_C042844,
PW_C040945,
PW_C007706,HMDB0012149
PW_C043370,
PW_C043998,
PW_C043953,
PW_C104846,
PW_C038779,HMDB0058325
PW_C004972,HMDB0008924
PW_C043865,
PW_C042097,
PW_C042922,
PW_C055362,
PW_C044084,
PW_C000036,HMDB0000052
PW_C105037,
PW_C041490,
PW_C008203,HMDB0013112
PW_C043092,
PW_C042451,
PW_C041508,
PW_C043939,
PW_C042549,
PW_C002699,HMDB0006273
PW_C043115,
PW_C042712,
PW_C040828,
PW_C044484,
PW_C042365,
PW_C044223,
PW_C000114,HMDB0000175
PW_C055889,
PW_C043028,HMDB0062477
PW_C104907,
PW_C060741,HMDB0112342
PW_C042683,
PW_C042849,
PW_C055517,
PW_C042169,
PW_C043301,
PW_C044236,
PW_C041830,
PW_C000872,HMDB0001117
PW_C043320,
PW_C042940,
PW_C043805,
PW_C041765,
PW_C105093,
PW_C043588,
PW_C043825,
PW_C038777,HMDB0058323
PW_C104895,
PW_C044250,
PW_C041146,HMDB0060302
PW_C001396,HMDB0002078
PW_C043467,
PW_C041804,
PW_C006749,HMDB0011106
PW_C044487,
PW_C040445,HMDB0060694
PW_C043754,
PW_C000941,HMDB0001209
PW_C041705,
PW_C057041,
PW_C043165,
PW_C104872,
PW_C104871,
PW_C105023,
PW_C000471,HMDB0000607
PW_C062343,HMDB0114925
PW_C104869,
PW_C001637,HMDB0002457
PW_C057028,
PW_C000921,HMDB0001185
PW_C042383,
PW_C043071,
PW_C041227,
PW_C044506,
PW_C006594,HMDB0010586
PW_C044246,
PW_C042793,
PW_C042181,
PW_C044483,
PW_C044308,
PW_C043519,
PW_C043972,
PW_C040973,
PW_C043647,
PW_C043180,
PW_C040751,
PW_C057058,
PW_C044112,
PW_C000145,HMDB0000220
PW_C007792,HMDB0012247
PW_C104983,
PW_C041599,
PW_C043326,
PW_C000835,HMDB0001060
PW_C043238,
PW_C011104,HMDB0029881
PW_C043807,
PW_C043773,
PW_C104975,
PW_C041457,
PW_C001801,HMDB0003192
PW_C044130,
PW_C005003,HMDB0008955
PW_C044301,
PW_C041993,
PW_C055572,
PW_C041494,
PW_C044088,
PW_C043752,
PW_C044428,
PW_C042446,
PW_C043421,
PW_C042039,
PW_C037599,HMDB0057145
PW_C022608,HMDB0041827
PW_C041043,
PW_C042406,
PW_C105026,
PW_C041926,
PW_C043193,
PW_C041249,
PW_C057038,
PW_C044215,
PW_C001463,HMDB0002174
PW_C041446,
PW_C043511,
PW_C041303,
PW_C055586,
PW_C041141,
PW_C044440,
PW_C044110,
PW_C002004,HMDB0003940
PW_C055622,
PW_C042827,
PW_C001973,HMDB0003826
PW_C042605,
PW_C105011,
PW_C041582,
PW_C003022,HMDB0006971
PW_C105021,
PW_C042759,
PW_C041056,
PW_C042230,
PW_C037950,HMDB0057496
PW_C041315,
PW_C055584,
PW_C005104,HMDB0009056
PW_C044053,
PW_C105053,
PW_C104894,
PW_C043979,
PW_C041751,
PW_C043664,
PW_C044067,
PW_C001952,HMDB0003665
PW_C041137,
PW_C042658,HMDB0060081
PW_C105069,
PW_C043182,
PW_C044461,
PW_C044145,
PW_C042516,
PW_C042684,
PW_C042522,
PW_C008133,HMDB0012943
PW_C105074,
PW_C043708,
PW_C042723,
PW_C000983,HMDB0001270
PW_C064211,HMDB0115825
PW_C000122,HMDB0000190
PW_C044211,
PW_C104967,
PW_C062293,HMDB0114875
PW_C043351,
PW_C043304,
PW_C043520,
PW_C043681,
PW_C001557,HMDB0002306
PW_C044480,
PW_C043900,
PW_C040811,
PW_C044432,
PW_C041287,
PW_C000109,HMDB0000167
PW_C041493,
PW_C040985,
PW_C044451,
PW_C000148,HMDB0000223
PW_C042310,
PW_C104958,
PW_C001161,HMDB0001508
PW_C056353,
PW_C041432,
PW_C104859,
PW_C000151,HMDB0000226
PW_C042415,
PW_C037865,HMDB0057411
PW_C007739,HMDB0012185
PW_C001783,HMDB0003125
PW_C044429,
PW_C053735,
PW_C044284,
PW_C007912,HMDB0012385
PW_C042088,
PW_C104939,
PW_C000479,HMDB0000618
PW_C042028,
PW_C041744,
PW_C042770,
PW_C000106,HMDB0000162
PW_C042503,
PW_C005141,HMDB0009093
PW_C042513,
PW_C041688,
PW_C044450,
PW_C001447,HMDB0002151
PW_C007915,HMDB0012388
PW_C044261,
PW_C002975,HMDB0006857
PW_C042483,
PW_C043803,
PW_C007822,HMDB0012282
PW_C042510,
PW_C041854,
PW_C041607,
PW_C001221,HMDB0001846
PW_C044238,
PW_C000196,HMDB0000290
PW_C044251,
PW_C105104,
PW_C042923,
PW_C044426,
PW_C001476,HMDB0002189
PW_C044458,
PW_C104829,
PW_C044041,
PW_C000518,HMDB0000661
PW_C044299,
PW_C104927,
PW_C056438,
PW_C044507,
PW_C044294,
PW_C008452,HMDB0013536
PW_C042507,
PW_C043148,
PW_C104917,
PW_C042928,
PW_C001168,HMDB0001517
PW_C036885,HMDB0056431
PW_C043841,
PW_C006595,HMDB0010587
PW_C043587,
PW_C043069,
PW_C055641,
PW_C041848,
PW_C043934,
PW_C042089,
PW_C001565,HMDB0002322
PW_C041693,
PW_C043828,
PW_C041451,
PW_C043179,
PW_C105062,
PW_C001065,HMDB0001377
PW_C043300,
PW_C041463,
PW_C042101,
PW_C104933,
PW_C002736,HMDB0006357
PW_C043174,
PW_C007812,HMDB0012268
PW_C043499,
PW_C042948,
PW_C000552,HMDB0000700
PW_C043542,
PW_C043318,
PW_C041159,HMDB0060332
PW_C001866,HMDB0003377
PW_C043186,
PW_C007786,HMDB0012241
PW_C104924,
PW_C042574,
PW_C056351,
PW_C043266,
PW_C040921,
PW_C042105,
PW_C104876,
PW_C043472,
PW_C000845,HMDB0001070
PW_C043638,
PW_C042859,
PW_C042901,
PW_C043192,
PW_C044274,
PW_C044204,
PW_C041611,
PW_C044263,
PW_C000170,HMDB0000250
PW_C041932,
PW_C043317,
PW_C044509,
PW_C043156,
PW_C044239,
PW_C006699,HMDB0010691
PW_C044010,
PW_C042780,
PW_C042729,
PW_C105054,
PW_C040838,
PW_C041731,
PW_C055823,
PW_C105018,
PW_C104999,
PW_C042855,
PW_C002742,HMDB0006404
PW_C043656,
PW_C007828,HMDB0012290
PW_C104963,
PW_C044149,
PW_C043219,
PW_C044045,
PW_C104847,
PW_C044176,
PW_C000028,HMDB0000039
PW_C041154,HMDB0060326
PW_C042764,
PW_C043769,
PW_C042167,
PW_C105063,
PW_C000193,HMDB0000286
PW_C036863,HMDB0056409
PW_C042833,
PW_C042213,
PW_C008391,HMDB0013474
PW_C043481,
PW_C040082,HMDB0059645
PW_C043150,
PW_C042395,
PW_C000101,HMDB0000156
PW_C043968,
PW_C001851,HMDB0003345
PW_C001000,HMDB0001296
PW_C042316,
PW_C044164,
PW_C044206,
PW_C104959,
PW_C000441,HMDB0000565
PW_C042869,
PW_C042077,
PW_C002740,HMDB0006402
PW_C042925,
PW_C036883,HMDB0056429
PW_C043409,
PW_C004971,HMDB0008923
PW_C104849,
PW_C041757,
PW_C000767,HMDB0000960
PW_C000738,HMDB0000925
PW_C006597,HMDB0010589
PW_C044062,
PW_C040994,
PW_C043013,
PW_C043640,
PW_C041732,
PW_C042148,
PW_C044054,
PW_C044296,
PW_C042716,
PW_C041109,
PW_C055521,
PW_C042529,
PW_C044283,
PW_C105083,
PW_C043824,
PW_C042499,
PW_C001415,HMDB0002104
PW_C041968,
PW_C042058,
PW_C043967,
PW_C043912,
PW_C002092,HMDB0004220
PW_C042251,
PW_C104985,
PW_C041985,
PW_C037001,HMDB0056547
PW_C043895,
PW_C043906,
PW_C043820,
PW_C042813,
PW_C044070,
PW_C043615,
PW_C063867,HMDB0112249
PW_C042825,
PW_C044012,
PW_C000067,HMDB0000099
PW_C042338,
PW_C044266,
PW_C105032,
PW_C001005,HMDB0001303
PW_C001112,HMDB0001440
PW_C043808,
PW_C041833,
PW_C042485,
PW_C006204,HMDB0010163
PW_C000768,HMDB0000961
PW_C055802,
PW_C005006,HMDB0008958
PW_C040970,
PW_C000882,HMDB0001128
PW_C041691,
PW_C043796,
PW_C042322,
PW_C042492,
PW_C001496,HMDB0002211
PW_C044063,
PW_C043181,
PW_C041799,
PW_C044302,
PW_C042898,
PW_C041033,
PW_C043270,
PW_C000884,HMDB0001131
PW_C044252,
PW_C043682,
PW_C040736,
PW_C041850,
PW_C042883,
PW_C044207,
PW_C000482,HMDB0000621
PW_C104904,
PW_C043794,
PW_C043898,
PW_C044001,
PW_C042853,
PW_C000792,HMDB0001000
PW_C044248,
PW_C041925,
PW_C042407,
PW_C000783,HMDB0000988
PW_C043468,
PW_C043755,
PW_C042387,
PW_C044279,
PW_C043503,
PW_C060720,HMDB0112322
PW_C042772,
PW_C040829,
PW_C001457,HMDB0002168
PW_C044033,
PW_C042484,
PW_C043531,
PW_C104880,
PW_C044168,
PW_C044420,
PW_C043451,
PW_C104971,
PW_C043958,
PW_C044234,
PW_C003002,HMDB0006900
PW_C001079,HMDB0001396
PW_C042848,
PW_C042064,
PW_C042294,
PW_C042250,
PW_C042900,
PW_C042177,
PW_C042842,
PW_C043901,
PW_C007776,HMDB0012230
PW_C043598,
PW_C043844,
PW_C042217,
PW_C042445,
PW_C042394,
PW_C040741,
PW_C105098,
PW_C007929,HMDB0012402
PW_C043292,
PW_C104951,
PW_C041489,
PW_C042915,
PW_C041690,
PW_C042926,
PW_C104861,
PW_C062273,HMDB0114855
PW_C043283,
PW_C003007,HMDB0006915
PW_C000071,HMDB0000112
PW_C042938,
PW_C042065,
PW_C051188,
PW_C042857,
PW_C044300,
PW_C043834,
PW_C043780,
PW_C041694,
PW_C044449,
PW_C000841,HMDB0001066
PW_C037414,HMDB0056960
PW_C041791,
PW_C001191,HMDB0001548
PW_C104931,
PW_C003005,HMDB0006903
PW_C043852,
PW_C006658,HMDB0010650
PW_C008418,HMDB0013502
PW_C044277,
PW_C043081,
PW_C042469,
PW_C001090,HMDB0001412
PW_C000073,HMDB0000115
PW_C041771,
PW_C041562,HMDB0060410
PW_C042766,
PW_C002974,HMDB0006855
PW_C044121,
PW_C042179,
PW_C041720,
PW_C055518,
PW_C043630,
PW_C041467,
PW_C043074,
PW_C044141,
PW_C042070,
PW_C001170,HMDB0001520
PW_C042453,
PW_C043241,
PW_C000278,HMDB0000379
PW_C055535,
PW_C043687,
PW_C044245,
PW_C043191,
PW_C104932,
PW_C000497,HMDB0000638
PW_C104948,
PW_C000871,HMDB0001114
PW_C001087,HMDB0001409
PW_C104857,
PW_C104995,
PW_C044007,
PW_C008408,HMDB0013491
PW_C041792,
PW_C041468,
PW_C043817,
PW_C044113,
PW_C042337,
PW_C105044,
PW_C000051,HMDB0000072
PW_C104845,
PW_C055530,
PW_C041719,
PW_C042541,
PW_C062935,HMDB0114746
PW_C105101,
PW_C000681,HMDB0000855
PW_C042914,
PW_C043341,
PW_C104929,
PW_C007906,HMDB0012377
PW_C007818,HMDB0012277
PW_C001928,HMDB0003571
PW_C104860,
PW_C044454,
PW_C044312,
PW_C001019,HMDB0001321
PW_C104997,
PW_C042710,
PW_C043966,
PW_C044477,
PW_C043610,
PW_C043788,
PW_C042435,
PW_C043768,
PW_C041692,
PW_C040034,HMDB0059597
PW_C044439,
PW_C044046,
PW_C044231,
PW_C044107,
PW_C000569,HMDB0000718
PW_C055612,
PW_C042256,
PW_C105085,
PW_C104944,
PW_C042982,
PW_C017005,HMDB0036062
PW_C104885,
PW_C040065,HMDB0059628
PW_C105003,
PW_C104934,
PW_C041162,HMDB0060342
PW_C042540,
PW_C042505,
PW_C043850,
PW_C060772,HMDB0112372
PW_C042055,
PW_C043207,
PW_C044453,
PW_C105100,
PW_C041689,
PW_C104879,
PW_C104960,
PW_C042448,
PW_C042449,
PW_C043107,
PW_C001860,HMDB0003364
PW_C104853,
PW_C001889,HMDB0003431
PW_C043105,
PW_C040979,
PW_C044157,
PW_C042509,
PW_C044492,
PW_C001858,HMDB0003362
PW_C044099,
PW_C043130,
PW_C001044,HMDB0001353
PW_C044435,
PW_C043279,
PW_C044306,
PW_C041853,
PW_C040936,
PW_C042779,
PW_C038079,HMDB0057625
PW_C041761,
PW_C003905,HMDB0007854
PW_C060718,HMDB0112320
PW_C000856,HMDB0001088
PW_C040768,
PW_C042358,
PW_C003906,HMDB0007855
PW_C042330,
PW_C042839,
PW_C105029,
PW_C040748,
PW_C057055,
PW_C042697,
PW_C044163,
PW_C000166,HMDB0000245
PW_C104864,
PW_C044460,
PW_C044287,
PW_C043987,
PW_C001003,HMDB0001301
PW_C055520,
PW_C042960,
PW_C042502,
PW_C001010,HMDB0001311
PW_C042703,
PW_C000163,HMDB0000241
PW_C041686,
PW_C104839,
PW_C043799,
PW_C000423,HMDB0000547
PW_C043971,
PW_C000967,HMDB0001252
PW_C044464,
PW_C042174,
PW_C042271,
PW_C042519,
PW_C104970,
PW_C043155,
PW_C000531,HMDB0000674
PW_C050632,
PW_C043720,
PW_C104978,
PW_C001755,HMDB0003011
PW_C043667,
PW_C105031,
PW_C044214,
PW_C043645,
PW_C041721,
PW_C042832,
PW_C043132,
PW_C104998,
PW_C041225,HMDB0060507
PW_C043688,
PW_C040810,
PW_C044210,
PW_C000742,HMDB0000930
PW_C041531,
PW_C001059,HMDB0001371
PW_C042128,
PW_C042425,
PW_C042366,
PW_C042016,
PW_C105010,
PW_C043250,
PW_C000804,HMDB0001016
PW_C044479,
PW_C043946,
PW_C040983,
PW_C041179,
PW_C043956,
PW_C042546,
PW_C043575,
PW_C043854,
PW_C007914,HMDB0012387
PW_C042268,
PW_C005034,HMDB0008986
PW_C043833,
PW_C004871,HMDB0008823
PW_C104831,
PW_C043592,
PW_C007811,HMDB0012267
PW_C044282,
PW_C044202,
PW_C044522,
PW_C007268,HMDB0011690
PW_C000143,HMDB0000217
PW_C043334,
PW_C044213,
PW_C041155,HMDB0060327
PW_C043945,
PW_C044527,
PW_C042609,
PW_C043902,
PW_C044265,
PW_C044072,
PW_C043227,
PW_C043932,
PW_C042782,
PW_C044022,
PW_C042663,
PW_C042244,
PW_C043463,
PW_C042704,
PW_C043336,
PW_C056374,
PW_C001959,HMDB0003712
PW_C043082,
PW_C042495,
PW_C043948,
PW_C000136,HMDB0000210
PW_C044437,
PW_C041195,HMDB0060448
PW_C001189,HMDB0001546
PW_C042292,
PW_C105084,
PW_C104976,
PW_C104957,
PW_C000110,HMDB0000168
PW_C040968,
PW_C042264,
PW_C006761,HMDB0011119
PW_C041711,
PW_C043996,
PW_C043314,
PW_C105005,
PW_C044419,
PW_C044418,
PW_C042421,
PW_C002010,HMDB0003946
PW_C037952,HMDB0057498
PW_C042267,
PW_C042252,
PW_C104886,
PW_C008389,HMDB0013472
PW_C043887,
PW_C042699,
PW_C062272,HMDB0114854
PW_C040980,
PW_C001782,HMDB0003119
PW_C055580,
PW_C044011,
PW_C041054,
PW_C000810,HMDB0001024
PW_C006612,HMDB0010604
PW_C044421,
PW_C037016,HMDB0056562
PW_C057039,
PW_C007306,HMDB0011732
PW_C105105,
PW_C049865,
PW_C042792,
PW_C040993,HMDB0062573
PW_C044443,
PW_C043177,
PW_C044494,
PW_C044424,
PW_C105097,
PW_C001451,HMDB0002158
PW_C105027,
PW_C042348,
PW_C000086,HMDB0000132
PW_C000123,HMDB0000191
PW_C000504,HMDB0000645
PW_C038838,HMDB0058384
PW_C043169,
PW_C007865,HMDB0012335
PW_C000691,HMDB0000868
PW_C000887,HMDB0001137
PW_C104913,
PW_C000044,HMDB0000062
PW_C044106,
PW_C001999,HMDB0003935
PW_C041655,
PW_C105082,
PW_C042921,
PW_C000605,HMDB0000757
PW_C044260,
PW_C043892,
PW_C000874,HMDB0001120
PW_C042315,
PW_C042238,
PW_C042512,
PW_C104900,
PW_C042705,
PW_C042934,
PW_C043849,
PW_C000141,HMDB0000215
PW_C044269,
PW_C042537,
PW_C001083,HMDB0001401
PW_C044183,
PW_C000637,HMDB0000797
PW_C044465,
PW_C007795,HMDB0012250
PW_C043376,
PW_C040946,
PW_C043515,
PW_C043540,
PW_C044519,
PW_C009795,HMDB0015532
PW_C000486,HMDB0000625
PW_C043315,
PW_C041875,
PW_C043818,
PW_C001060,HMDB0001372
PW_C005039,HMDB0008991
PW_C005008,HMDB0008960
PW_C007884,HMDB0012355
PW_C042958,
PW_C042796,
PW_C044222,
PW_C105057,
PW_C043608,
PW_C041961,
PW_C000869,HMDB0001112
PW_C042814,
PW_C044417,
PW_C002774,HMDB0006497
PW_C000570,HMDB0000719
PW_C043585,
PW_C055892,
PW_C000763,HMDB0000956
PW_C008406,HMDB0013489
PW_C043501,
PW_C044310,
PW_C000975,HMDB0001262
PW_C043524,
PW_C044295,
PW_C042707,
PW_C044166,
PW_C041808,
PW_C007885,HMDB0012356
PW_C042530,
PW_C042527,
PW_C104941,
PW_C007905,HMDB0012376
PW_C062231,HMDB0114814
PW_C000723,HMDB0000904
PW_C043502,
PW_C042728,
PW_C043145,
PW_C040949,
PW_C002012,HMDB0003948
PW_C000120,HMDB0000187
PW_C041954,
PW_C105006,
PW_C000057,HMDB0000082
PW_C042657,
PW_C001554,HMDB0002303
PW_C055804,
PW_C104884,
PW_C041741,
PW_C041947,
PW_C042785,
PW_C043129,
PW_C044482,
PW_C104977,
PW_C043877,
PW_C000296,HMDB0000397
PW_C044201,
PW_C040996,
PW_C042299,
PW_C044221,
PW_C001145,HMDB0001488
PW_C042774,
PW_C043601,
PW_C002775,HMDB0006498
PW_C104874,
PW_C043149,
PW_C043856,
PW_C042113,
PW_C042802,
PW_C043975,
PW_C000125,HMDB0000193
PW_C042514,
PW_C042836,
PW_C006593,HMDB0010585
PW_C042232,
PW_C043111,
PW_C044057,
PW_C042240,
PW_C005001,HMDB0008953
PW_C042439,
PW_C005102,HMDB0009054
PW_C000962,HMDB0001245
PW_C001491,HMDB0002206
PW_C042702,
PW_C041820,
PW_C043810,
PW_C042036,
PW_C104844,
PW_C043070,
PW_C000793,HMDB0001003
PW_C000749,HMDB0000939
PW_C036841,HMDB0056387
PW_C042112,
PW_C044414,
PW_C043084,
PW_C041734,
PW_C042427,
PW_C041459,
PW_C042291,
PW_C053332,
PW_C104962,
PW_C043377,
PW_C006608,HMDB0010600
PW_C041738,
PW_C104990,
PW_C043691,
PW_C056443,
PW_C002789,HMDB0006521
PW_C042831,
PW_C041816,
PW_C004940,HMDB0008892
PW_C042528,
PW_C001827,HMDB0003276
PW_C043672,
PW_C044060,
PW_C041198,
PW_C042810,
PW_C044216,
PW_C043213,
PW_C000414,HMDB0000538
PW_C000916,HMDB0001180
PW_C044498,
PW_C104969,
PW_C043076,
PW_C043552,
PW_C044087,
PW_C042096,
PW_C042763,
PW_C002749,HMDB0006456
PW_C000012,HMDB0000019
PW_C042919,
PW_C001719,HMDB0002845
PW_C041065,
PW_C043332,
PW_C042715,
PW_C042346,
PW_C043909,
PW_C000080,HMDB0000125
PW_C042188,
PW_C104883,
PW_C104972,
PW_C043863,
PW_C040940,
PW_C040778,
PW_C040857,
PW_C040939,
PW_C016201,HMDB0035227
PW_C001020,HMDB0001322
PW_C042619,
PW_C105009,
PW_C041938,
PW_C055363,
PW_C044209,
PW_C004942,HMDB0008894
PW_C043602,
PW_C042701,
PW_C041590,
PW_C104893,
PW_C042327,
PW_C044375,
PW_C044218,
PW_C044311,
PW_C042233,
PW_C043112,
PW_C104925,
PW_C043816,
PW_C001420,HMDB0002111
PW_C001355,HMDB0002022
PW_C042033,
PW_C000860,HMDB0001094
PW_C042932,
PW_C043786,
PW_C043978,
PW_C041718,
PW_C043973,
PW_C043118,
PW_C042114,
PW_C007917,HMDB0012390
PW_C057036,
PW_C043806,
PW_C043360,
PW_C042875,
PW_C042258,
PW_C041939,
PW_C043500,
PW_C043138,
PW_C043815,
PW_C007895,HMDB0012366
PW_C104935,
PW_C000353,HMDB0000464
PW_C041687,
PW_C062341,HMDB0114923
PW_C001247,HMDB0001875
PW_C043733,
PW_C040848,
PW_C043839,
PW_C043686,
PW_C042888,
PW_C043941,
PW_C043267,
PW_C043636,
PW_C044226,
PW_C043435,
PW_C042536,
PW_C041506,HMDB0093027
PW_C042843,
PW_C041843,
PW_C105066,
PW_C043236,
PW_C006642,HMDB0010634
PW_C044131,
PW_C000191,HMDB0000283
PW_C042968,
PW_C043944,
PW_C044237,
PW_C104994,
PW_C000643,HMDB0000806
PW_C043208,
PW_C043262,
PW_C104928,
PW_C044186,
PW_C041882,
PW_C043173,
PW_C043088,
PW_C044170,
PW_C044508,
PW_C041890,
PW_C042326,
PW_C044436,
PW_C001099,HMDB0001423
PW_C043826,
PW_C041715,
PW_C043272,
PW_C043984,
PW_C055604,
PW_C057121,HMDB0112284
PW_C007698,HMDB0012140
PW_C000035,HMDB0000051
PW_C041168,
PW_C041238,
PW_C040944,
PW_C042897,
PW_C044195,
PW_C057117,HMDB0112281
PW_C044133,
PW_C001957,HMDB0003701
PW_C000406,HMDB0000528
PW_C007819,HMDB0012278
PW_C002662,HMDB0006211
PW_C104974,
PW_C042876,
PW_C042297,
PW_C043365,
PW_C000078,HMDB0000123
PW_C043600,
PW_C044262,
PW_C104910,
PW_C105008,
PW_C001151,HMDB0001494
PW_C043154,
PW_C041497,
PW_C105072,
PW_C008393,HMDB0013476
PW_C044481,
PW_C043951,
PW_C000721,HMDB0000902
PW_C042828,
PW_C105019,
PW_C000116,HMDB0000177
PW_C042199,
PW_C041176,
PW_C042500,
PW_C000146,HMDB0000221
PW_C042487,
PW_C043100,
PW_C041695,
PW_C043197,
PW_C044134,
PW_C000092,HMDB0000142
PW_C042260,
PW_C043830,
PW_C000911,HMDB0001175
PW_C042665,
PW_C044457,
PW_C043965,
PW_C041097,
PW_C042927,
PW_C055593,
PW_C000075,HMDB0000119
PW_C105058,
PW_C003046,HMDB0006995
PW_C042496,
PW_C007897,HMDB0012368
PW_C007748,HMDB0012199
PW_C001118,HMDB0001448
PW_C044158,
PW_C037934,HMDB0057480
PW_C043635,
PW_C007780,HMDB0012234
PW_C042014,
PW_C007862,HMDB0012332
PW_C006582,HMDB0010574
PW_C042908,HMDB0062623
PW_C043693,
PW_C044495,
PW_C040962,
PW_C037878,HMDB0057424
PW_C044151,
PW_C041846,
PW_C043663,
PW_C043157,
PW_C042069,
PW_C041964,
PW_C042518,
PW_C040765,
PW_C105088,
PW_C041314,
PW_C000590,HMDB0000742
PW_C041779,
PW_C041745,
PW_C044523,
PW_C001856,HMDB0003357
PW_C042862,
PW_C044017,
PW_C043393,
PW_C043908,
PW_C042784,
PW_C041144,HMDB0060299
PW_C044179,
PW_C041764,
PW_C042041,
PW_C041697,
PW_C044098,
PW_C043087,
PW_C042379,
PW_C042396,
PW_C044152,
PW_C044196,
PW_C042822,
PW_C104902,
PW_C043083,
PW_C000987,HMDB0001274
PW_C042120,
PW_C044105,
PW_C055515,
PW_C042804,
PW_C041248,
PW_C105043,
PW_C043974,
PW_C042781,
PW_C043137,
PW_C105080,
PW_C000112,HMDB0000172
PW_C041145,HMDB0060300
PW_C042952,
PW_C043961,
PW_C000412,HMDB0000535
PW_C042727,
PW_C043215,
PW_C042170,
PW_C041998,
PW_C007831,HMDB0012299
PW_C041110,
PW_C042686,
PW_C041724,
PW_C041758,
PW_C042880,
PW_C000904,HMDB0001166
PW_C040941,
PW_C040938,
PW_C104898,
PW_C044447,
PW_C043384,
PW_C043333,
PW_C041706,
PW_C042296,
PW_C042012,
PW_C105081,
PW_C042029,
PW_C043330,
PW_C042489,
PW_C044132,
PW_C044258,
PW_C042347,
PW_C042534,
PW_C042688,
PW_C105042,
PW_C104989,
PW_C006609,HMDB0010601
PW_C041111,
PW_C043684,
PW_C043352,
PW_C004939,HMDB0008891
PW_C042517,
PW_C005041,HMDB0008993
PW_C044466,
PW_C043599,
PW_C104841,
PW_C043894,
PW_C042371,
PW_C044259,
PW_C043386,
PW_C040957,
PW_C042093,
PW_C042418,
PW_C043114,
PW_C055894,
PW_C043504,
PW_C105076,
PW_C044490,
PW_C055514,
PW_C041696,
PW_C041889,
PW_C104954,
PW_C104821,
PW_C043990,
PW_C000003,HMDB0000005
PW_C104988,
PW_C044026,
PW_C044468,
PW_C043328,
PW_C042687,
PW_C043627,
PW_C043466,
PW_C044463,
PW_C042350,
PW_C001041,HMDB0001349
PW_C044268,
PW_C044476,
PW_C001987,HMDB0003882
PW_C043629,
PW_C000878,HMDB0001124
PW_C044000,
PW_C043964,
PW_C044071,
PW_C055625,
PW_C044288,
PW_C042286,
PW_C000774,HMDB0000972
PW_C043458,
PW_C043183,
PW_C043453,
PW_C000164,HMDB0000243
PW_C041228,
PW_C040827,
PW_C041844,
PW_C044225,
PW_C042807,
PW_C041055,
PW_C000936,HMDB0001201
PW_C043643,
PW_C042627,
PW_C043086,
PW_C105056,
PW_C104926,
PW_C000096,HMDB0000149
PW_C042954,
PW_C043324,
PW_C044069,
PW_C043866,
PW_C044474,
PW_C042617,
PW_C000839,HMDB0001064
PW_C042821,
PW_C000831,HMDB0001056
PW_C041936,
PW_C104984,
PW_C042003,
PW_C041992,
PW_C041733,
PW_C042360,
PW_C002885,HMDB0006710
PW_C044082,
PW_C042369,
PW_C042924,
PW_C042099,
PW_C001905,HMDB0003484
PW_C040920,
PW_C044050,
PW_C000034,HMDB0000050
PW_C044298,
PW_C042957,
PW_C040770,
PW_C042328,
PW_C043862,
PW_C043823,
PW_C042776,
PW_C000118,HMDB0000182
PW_C000458,HMDB0000588
PW_C000042,HMDB0000060
PW_C044305,
PW_C104881,
PW_C057063,
PW_C042886,
PW_C042775,
PW_C044285,
PW_C001894,HMDB0003449
PW_C043507,
PW_C003029,HMDB0006978
PW_C043109,
PW_C042237,
PW_C042987,
PW_C042902,
PW_C007817,HMDB0012276
PW_C002798,HMDB0006532
PW_C043339,
PW_C043959,
PW_C044243,
PW_C044128,
PW_C042178,
PW_C044193,
PW_C044180,
PW_C044184,
PW_C104858,
PW_C000500,HMDB0000641
PW_C042364,
PW_C043202,
PW_C042913,
PW_C062295,HMDB0114877
PW_C044188,
PW_C042359,
PW_C043775,
PW_C001406,HMDB0002092
PW_C003031,HMDB0006980
PW_C041780,
PW_C004876,HMDB0008828
PW_C044089,
PW_C104899,
PW_C040840,
PW_C105040,
PW_C000069,HMDB0000107
PW_C041498,
PW_C007742,HMDB0012189
PW_C044427,
PW_C044256,
PW_C105022,
PW_C044478,
PW_C044272,
PW_C044173,
PW_C044444,
PW_C043609,
PW_C042367,
PW_C005038,HMDB0008990
PW_C000107,HMDB0000163
PW_C105079,
PW_C003915,HMDB0007865
PW_C001900,HMDB0003459
PW_C043607,
PW_C104996,
PW_C043457,
PW_C037503,HMDB0057049
PW_C104867,
PW_C044137,
PW_C044423,
PW_C043187,
PW_C042885,
PW_C104828,
PW_C000104,HMDB0000159
PW_C104882,
PW_C055549,
PW_C043098,
PW_C041800,
PW_C043295,
PW_C104938,
PW_C044147,
PW_C043133,
PW_C042533,
PW_C105090,
PW_C042989,HMDB0060292
PW_C044097,
PW_C043721,
PW_C055638,
PW_C042071,
PW_C042624,
PW_C105077,
PW_C000156,HMDB0000232
PW_C000854,HMDB0001086
PW_C042111,
PW_C002664,HMDB0006215
PW_C041831,
PW_C043710,
PW_C044520,
PW_C043461,
PW_C042760,
PW_C043311,
PW_C042799,
PW_C043319,
PW_C104826,
PW_C104905,
PW_C042808,
PW_C043584,
PW_C062921,HMDB0062518
PW_C043980,
PW_C104891,
PW_C042231,
PW_C040924,
PW_C003909,HMDB0007859
PW_C043455,
PW_C001849,HMDB0003339
PW_C001925,HMDB0003556
PW_C007882,HMDB0012352
PW_C000944,HMDB0001213
PW_C044148,
PW_C104866,
PW_C041714,
PW_C001130,HMDB0001469
PW_C042896,
PW_C000910,HMDB0001173
PW_C044431,
PW_C001978,HMDB0003841
PW_C042935,
PW_C000746,HMDB0000935
PW_C044462,
PW_C043488,
PW_C055571,
PW_C043709,
PW_C001932,HMDB0003581
PW_C044081,
PW_C042182,
PW_C002744,HMDB0006407
PW_C042013,
PW_C044027,
PW_C042700,
PW_C001144,HMDB0001487
PW_C042939,
PW_C043201,
PW_C104896,
PW_C004938,HMDB0008890
PW_C041727,
PW_C104863,
PW_C043613,
PW_C104950,
PW_C041753,
PW_C000103,HMDB0000158
PW_C000457,HMDB0000586
PW_C105035,
PW_C005100,HMDB0009052
PW_C043837,
PW_C040755,
PW_C104890,
PW_C001134,HMDB0001473
PW_C000833,HMDB0001058
PW_C044297,
PW_C042050,
PW_C000081,HMDB0000126
PW_C041935,
PW_C042494,
